email,senha
299867@mail.com,user123                   
637045@mail.com,user123                
924742@mail.com,user123                
464886@mail.com,user123                
299805@mail.com,user123                
845119@mail.com,user123
409438@mail.com,user123                
749507@mail.com,user123               
657282@mail.com,user123                                                                                                                                                                        
357331@mail.com,user123                
118515@mail.com,user123                
316929@mail.com,user123                
779941@mail.com,user123                
182516@mail.com,user123                
648882@mail.com,user123                
232458@mail.com,user123                